Node 0 - Component 0,Node 0 - Component 1,Node 0 - Component 2,Node 0 - Component 3,Node 1 - Component 0,Node 1 - Component 1,Node 1 - Component 2,Node 1 - Component 3,Node 2 - Component 0,Node 2 - Component 1,Node 2 - Component 2,Node 2 - Component 3,Node 3 - Component 0,Node 3 - Component 1,Node 3 - Component 2,Node 3 - Component 3,Node 4 - Component 0,Node 4 - Component 1,Node 4 - Component 2,Node 4 - Component 3,Node 5 - Component 0,Node 5 - Component 1,Node 5 - Component 2,Node 5 - Component 3,Node 6 - Component 0,Node 6 - Component 1,Node 6 - Component 2,Node 6 - Component 3
1.2447803,-0.18309365,-0.0069831987,-1.1672206,0.0016764363,0.15414192,0.0016764363,0.15414192,-0.010007591,-3.468779,-0.010007591,-3.468779,0.019716255,4.380637,0.019716255,4.380637,-0.012441104,-1.8251364,-0.012441104,-1.8251364,0.0041029863,1.3050895,0.0041029863,1.3050895,0.0217499,4.610687,0.0217499,4.610687
1.2418337,-0.55290854,-0.013093697,-0.36651388,0.0034954543,0.2771863,0.0034954543,0.2771863,-0.031853236,-1.9125445,-0.031853236,-1.9125445,0.09359338,10.0,0.09359338,10.0,-0.011824334,1.9489506,-0.011824334,1.9489506,-0.009704446,-4.631962,-0.009704446,-4.631962,0.118713774,10.0,0.118713774,10.0
1.236296,-0.8406609,-0.025008934,-3.0803883,-0.013505086,-5.1779075,-0.013505086,-5.1779075,-0.026423777,3.4817,-0.026423777,3.4817,0.20241493,10.0,0.20241493,10.0,0.0068937335,1.9169177,0.0068937335,1.9169177,-0.07405868,-10.0,-0.07405868,-10.0,0.33809966,10.0,0.33809966,10.0
1.2280391,-1.2257432,-0.07012499,-7.502203,-0.09143237,-10.0,-0.09143237,-10.0,0.029399887,6.4186087,0.029399887,6.4186087,0.34025434,10.0,0.34025434,10.0,0.0010454333,-2.0497298,0.0010454333,-2.0497298,-0.16261621,-10.0,-0.16261621,-10.0,0.6443916,10.0,0.6443916,10.0
1.2186582,-1.0870388,-0.124352574,-6.1234345,-0.16650501,-7.6715016,-0.16650501,-7.6715016,0.06313894,2.4269526,0.06313894,2.4269526,0.49412537,10.0,0.49412537,10.0,-0.0054552616,0.19309755,-0.0054552616,0.19309755,-0.26260573,-10.0,-0.26260573,-10.0,0.92225575,10.0,0.92225575,10.0
1.2093258,-1.2912649,-0.18305857,-8.596748,-0.23381752,-9.320077,-0.23381752,-9.320077,0.073918,0.4932687,0.073918,0.4932687,0.6296625,10.0,0.6296625,10.0,-0.01006458,-1.4455031,-0.01006458,-1.4455031,-0.38521796,-10.0,-0.38521796,-10.0,1.0399487,7.4608374,1.0399487,7.4608374
1.1995634,-1.0971923,-0.22534084,-4.8461995,-0.25931454,-1.0902109,-0.25931454,-1.0902109,0.042174604,-6.7772493,0.042174604,-6.7772493,0.74822253,10.0,0.74822253,10.0,0.021193504,4.558253,0.021193504,4.558253,-0.5499431,-10.0,-0.5499431,-10.0,1.0598404,-2.294682,1.0598404,-2.294682
1.192124,-0.7841074,-0.26452565,-4.863636,-0.2582305,1.5063103,-0.2582305,1.5063103,-0.03013371,-10.0,-0.03013371,-10.0,0.82041246,6.0012784,0.82041246,6.0012784,0.0455612,1.8309256,0.0455612,1.8309256,-0.6945049,-10.0,-0.6945049,-10.0,1.0319965,-4.29318,1.0319965,-4.29318
1.1856927,-0.8415191,-0.318963,-8.709595,-0.27010715,-4.362568,-0.27010715,-4.362568,-0.1054857,-7.695475,-0.1054857,-7.695475,0.8388573,-1.2548196,0.8388573,-1.2548196,0.046106968,-1.6102611,0.046106968,-1.6102611,-0.8305337,-10.0,-0.8305337,-10.0,0.92775923,-10.0,0.92775923,-10.0
1.1790621,-0.83435154,-0.38193366,-7.1089215,-0.29009512,-0.72900504,-0.29009512,-0.72900504,-0.17863041,-10.0,-0.17863041,-10.0,0.80847406,-6.3614745,0.80847406,-6.3614745,0.036996953,-0.74501806,0.036996953,-0.74501806,-0.9657439,-10.0,-0.9657439,-10.0,0.79998195,-10.0,0.79998195,-10.0
1.1715,-1.0774711,-0.456051,-10.0,-0.32045022,-6.8256497,-0.32045022,-6.8256497,-0.25416747,-8.307146,-0.25416747,-8.307146,0.7583458,-6.179461,0.7583458,-6.179461,0.0035014632,-7.498878,0.0035014632,-7.498878,-1.0728667,-10.0,-1.0728667,-10.0,0.6910824,-10.0,0.6910824,-10.0
1.1629498,-1.0516493,-0.53248674,-7.7187386,-0.35436404,-1.6297771,-0.35436404,-1.6297771,-0.3239591,-9.13957,-0.3239591,-9.13957,0.67419964,-10.0,0.67419964,-10.0,-0.030137306,-0.8890984,-0.030137306,-0.8890984,-1.1780639,-10.0,-1.1780639,-10.0,0.5280635,-10.0,0.5280635,-10.0
1.1540447,-1.1856983,-0.6143716,-10.0,-0.4072322,-10.0,-0.4072322,-10.0,-0.367412,-1.8509935,-0.367412,-1.8509935,0.56186044,-10.0,0.56186044,-10.0,-0.07054267,-9.1347475,-0.07054267,-9.1347475,-1.2719487,-8.836885,-1.2719487,-8.836885,0.3143855,-10.0,0.3143855,-10.0
1.1443607,-1.2395476,-0.71526855,-10.0,-0.48842347,-8.775909,-0.48842347,-8.775909,-0.39827564,-5.952275,-0.39827564,-5.952275,0.42676744,-10.0,0.42676744,-10.0,-0.1395643,-8.095149,-0.1395643,-8.095149,-1.3337835,-6.4178867,-1.3337835,-6.4178867,0.030158943,-10.0,0.030158943,-10.0
1.1336598,-1.4370604,-0.8060392,-10.0,-0.53404766,-2.6841247,-0.53404766,-2.6841247,-0.46992773,-10.0,-0.46992773,-10.0,0.25601456,-10.0,0.25601456,-10.0,-0.19033886,-4.659474,-0.19033886,-4.659474,-1.3790613,-4.7914195,-1.3790613,-4.7914195,-0.32898763,-10.0,-0.32898763,-10.0
1.1223422,-1.380294,-0.8864903,-9.959767,-0.55813515,-3.3362362,-0.55813515,-3.3362362,-0.5531326,-9.4786005,-0.5531326,-9.4786005,0.048092354,-10.0,0.048092354,-10.0,-0.23381329,-6.272769,-0.23381329,-6.272769,-1.4007044,-0.8494305,-1.4007044,-0.8494305,-0.6857965,-10.0,-0.6857965,-10.0
1.1092883,-1.8934635,-0.9812156,-10.0,-0.61434585,-10.0,-0.61434585,-10.0,-0.61283636,-5.5166945,-0.61283636,-5.5166945,-0.08374912,-9.8443575,-0.08374912,-9.8443575,-0.3133395,-10.0,-0.3133395,-10.0,-1.3995193,0.5939823,-1.3995193,0.5939823,-0.94021237,-10.0,-0.94021237,-10.0
1.0925995,-2.273301,-1.0844474,-10.0,-0.6775898,-5.220469,-0.6775898,-5.220469,-0.68427914,-10.0,-0.68427914,-10.0,-0.13401388,-3.6046388,-0.13401388,-3.6046388,-0.41582456,-10.0,-0.41582456,-10.0,-1.4018282,-1.1635089,-1.4018282,-1.1635089,-1.0377843,-5.7746067,-1.0377843,-5.7746067
1.0739368,-2.3924415,-1.182525,-10.0,-0.719615,-5.20541,-0.719615,-5.20541,-0.78042597,-10.0,-0.78042597,-10.0,-0.16151875,-3.6614087,-0.16151875,-3.6614087,-0.51310396,-10.0,-0.51310396,-10.0,-1.4161481,-2.3869548,-1.4161481,-2.3869548,-1.0516971,1.6733465,-1.0516971,1.6733465
1.0518312,-3.137564,-1.2919265,-10.0,-0.76940787,-7.1953607,-0.76940787,-7.1953607,-0.878706,-10.0,-0.878706,-10.0,-0.18901525,-3.5304463,-0.18901525,-3.5304463,-0.6193423,-10.0,-0.6193423,-10.0,-1.4419746,-4.042867,-1.4419746,-4.042867,-1.0272251,4.0413656,-1.0272251,4.0413656
1.0265609,-3.1708941,-1.4011724,-10.0,-0.8102363,-3.1256106,-0.8102363,-3.1256106,-0.99153394,-10.0,-0.99153394,-10.0,-0.19013694,3.1935725,-0.19013694,3.1935725,-0.72277653,-10.0,-0.72277653,-10.0,-1.4732742,-3.7521796,-1.4732742,-3.7521796,-0.99150926,4.682509,-0.99150926,4.682509
1.0008942,-3.24562,-1.5101335,-10.0,-0.8487104,-6.351047,-0.8487104,-6.351047,-1.1000729,-10.0,-1.1000729,-10.0,-0.2043498,-6.798318,-0.2043498,-6.798318,-0.83187425,-10.0,-0.83187425,-10.0,-1.494544,-1.6041074,-1.494544,-1.6041074,-0.95618176,4.1079736,-0.95618176,4.1079736
0.9777449,-2.5438805,-1.5921216,-5.735005,-0.8475214,6.4928045,-0.8475214,6.4928045,-1.212037,-10.0,-1.212037,-10.0,-0.27808157,-10.0,-0.27808157,-10.0,-0.9079707,-3.6605606,-0.9079707,-3.6605606,-1.5202563,-4.778397,-1.5202563,-4.778397,-0.924521,3.7510045,-0.924521,3.7510045
0.9557875,-2.9366467,-1.6558625,-10.0,-0.8266925,-1.2277479,-0.8266925,-1.2277479,-1.3220457,-10.0,-1.3220457,-10.0,-0.3294589,-0.8926395,-0.3294589,-0.8926395,-0.96459043,-10.0,-0.96459043,-10.0,-1.5465497,-1.8016608,-1.5465497,-1.8016608,-0.898214,2.8571763,-0.898214,2.8571763
0.93131894,-3.1762464,-1.7510757,-10.0,-0.85071015,-4.6881804,-0.85071015,-4.6881804,-1.4064424,-9.2702265,-1.4064424,-9.2702265,-0.40335217,-10.0,-0.40335217,-10.0,-1.0708272,-10.0,-1.0708272,-10.0,-1.5531654,0.15072754,-1.5531654,0.15072754,-0.8370676,10.0,-0.8370676,10.0
0.90525174,-3.3353887,-1.8601031,-10.0,-0.8890809,-4.9002748,-0.8890809,-4.9002748,-1.4754583,-7.969196,-1.4754583,-7.969196,-0.5573444,-10.0,-0.5573444,-10.0,-1.2020017,-10.0,-1.2020017,-10.0,-1.5576645,-1.0814558,-1.5576645,-1.0814558,-0.67388296,10.0,-0.67388296,10.0
0.8799588,-2.997061,-1.9434141,-7.170313,-0.8931855,3.7669845,-0.8931855,3.7669845,-1.5471768,-9.8919935,-1.5471768,-9.8919935,-0.7146855,-10.0,-0.7146855,-10.0,-1.2953032,-6.571422,-1.2953032,-6.571422,-1.5773731,-3.9930968,-1.5773731,-3.9930968,-0.5262834,9.206617,-0.5262834,9.206617
0.85478437,-3.2790427,-2.0104566,-9.510683,-0.8739985,0.8518895,-0.8739985,0.8518895,-1.6258081,-10.0,-1.6258081,-10.0,-0.8588394,-10.0,-0.8588394,-10.0,-1.3708581,-10.0,-1.3708581,-10.0,-1.5994813,-1.3721083,-1.5994813,-1.3721083,-0.38771814,10.0,-0.38771814,10.0
0.83072275,-2.743003,-2.0741675,-6.4505415,-0.85947645,2.8138125,-0.85947645,2.8138125,-1.7019854,-8.874984,-1.7019854,-8.874984,-0.92380905,-4.1805253,-0.92380905,-4.1805253,-1.4512669,-7.805271,-1.4512669,-7.805271,-1.6087325,-1.0719292,-1.6087325,-1.0719292,-0.24853422,9.813832,-0.24853422,9.813832
0.80643606,-3.3092084,-2.157998,-10.0,-0.87902796,-7.567238,-0.87902796,-7.567238,-1.763679,-6.6070423,-1.763679,-6.6070423,-0.9369566,0.43415898,-0.9369566,0.43415898,-1.5516269,-10.0,-1.5516269,-10.0,-1.6036092,2.2418222,-1.6036092,2.2418222,-0.20292246,1.6314076,-0.20292246,1.6314076
0.77961725,-3.3871975,-2.2780352,-10.0,-0.94223505,-8.189894,-0.94223505,-8.189894,-1.8185146,-7.098467,-1.8185146,-7.098467,-0.92470187,2.4697132,-0.92470187,2.4697132,-1.6961597,-10.0,-1.6961597,-10.0,-1.5827307,2.9652338,-1.5827307,2.9652338,-0.18203585,3.5837018,-0.18203585,3.5837018
0.75457764,-2.878902,-2.3918207,-10.0,-0.99733263,-5.607654,-0.99733263,-5.607654,-1.8728998,-6.483732,-1.8728998,-6.483732,-0.90531117,2.332053,-0.90531117,2.332053,-1.8366003,-10.0,-1.8366003,-10.0,-1.5560397,3.7450268,-1.5560397,3.7450268,-0.17300482,-1.2927198,-0.17300482,-1.2927198
0.7321908,-2.729829,-2.4844368,-10.0,-1.0318927,-3.0710833,-1.0318927,-3.0710833,-1.9279842,-7.246004,-1.9279842,-7.246004,-0.84774256,10.0,-0.84774256,10.0,-1.9533858,-10.0,-1.9533858,-10.0,-1.5357578,1.0304611,-1.5357578,1.0304611,-0.15767702,5.1479664,-0.15767702,5.1479664
0.71009034,-2.774734,-2.5843062,-10.0,-1.0814383,-9.268769,-1.0814383,-9.268769,-1.979574,-5.6614046,-1.979574,-5.6614046,-0.7299084,10.0,-0.7299084,10.0,-2.0825412,-10.0,-2.0825412,-10.0,-1.5254228,1.6047028,-1.5254228,1.6047028,-0.08308275,10.0,-0.08308275,10.0
0.68820304,-2.7043989,-2.6932533,-10.0,-1.1476588,-7.3910413,-1.1476588,-7.3910413,-2.0291185,-6.5446267,-2.0291185,-6.5446267,-0.54434043,10.0,-0.54434043,10.0,-2.2180743,-10.0,-2.2180743,-10.0,-1.524786,-1.4385085,-1.524786,-1.4385085,0.012486762,10.0,0.012486762,10.0
0.66827846,-2.2961967,-2.7761242,-8.155985,-1.1889164,-2.934429,-1.1889164,-2.934429,-2.075037,-4.9331446,-2.075037,-4.9331446,-0.32499367,10.0,-0.32499367,10.0,-2.3151677,-9.607782,-2.3151677,-9.607782,-1.5391855,-2.1350093,-1.5391855,-2.1350093,0.09063006,9.239597,0.09063006,9.239597
0.64973176,-2.333691,-2.8445334,-8.925134,-1.2110331,-2.5629826,-1.2110331,-2.5629826,-2.1107094,-4.1134214,-2.1107094,-4.1134214,-0.16620801,10.0,-0.16620801,10.0,-2.3914282,-9.454281,-2.3914282,-9.454281,-1.5599047,-3.028733,-1.5599047,-3.028733,0.1597993,8.018568,0.1597993,8.018568
0.632498,-1.9811677,-2.9091067,-7.209168,-1.2247262,-0.8727465,-1.2247262,-0.8727465,-2.1356022,-2.157393,-2.1356022,-2.157393,-0.09968097,3.0923173,-0.09968097,3.0923173,-2.4607713,-7.8786216,-2.4607713,-7.8786216,-1.5817192,-2.426381,-1.5817192,-2.426381,0.22210021,7.564062,0.22210021,7.564062
0.61606145,-2.130206,-2.963557,-6.40789,-1.2275454,0.1538677,-1.2275454,0.1538677,-2.1510923,-1.6927818,-2.1510923,-1.6927818,-0.06625453,5.2414756,-0.06625453,5.2414756,-2.513098,-5.2228036,-2.513098,-5.2228036,-1.6126127,-5.283353,-1.6126127,-5.283353,0.27358168,5.310417,0.27358168,5.310417
0.60002023,-1.8871162,-3.003486,-3.5706177,-1.2125698,3.5724974,-1.2125698,3.5724974,-2.160336,-0.61797523,-2.160336,-0.61797523,-0.08188159,-9.128059,-0.08188159,-9.128059,-2.5499353,-3.9847052,-2.5499353,-3.9847052,-1.6478149,-3.5270894,-1.6478149,-3.5270894,0.34696215,10.0,0.34696215,10.0
0.5844492,-2.0072231,-3.008466,2.3416865,-1.1571616,10.0,-1.1571616,10.0,-2.1707935,-2.0069168,-2.1707935,-2.0069168,-0.14530756,-6.7050257,-0.14530756,-6.7050257,-2.556477,2.335226,-2.556477,2.335226,-1.6810478,-4.7866836,-1.6810478,-4.7866836,0.40840578,2.2173514,0.40840578,2.2173514
0.5683755,-1.9863104,-2.9654315,8.389223,-1.0542578,10.0,-1.0542578,10.0,-2.191486,-3.126821,-2.191486,-3.126821,-0.12940845,10.0,-0.12940845,10.0,-2.5102143,9.131897,-2.5102143,9.131897,-1.7253344,-6.141671,-1.7253344,-6.141671,0.3782507,-5.4738984,0.3782507,-5.4738984
0.55396175,-1.5966607,-2.8789368,10.0,-0.9125416,10.0,-0.9125416,10.0,-2.2117112,-1.9463586,-2.2117112,-1.9463586,-0.04677759,10.0,-0.04677759,10.0,-2.418894,10.0,-2.418894,10.0,-1.7719176,-5.6258674,-1.7719176,-5.6258674,0.35653186,-0.7246789,0.35653186,-0.7246789
0.54052526,-1.723548,-2.7586071,10.0,-0.72465295,10.0,-0.72465295,10.0,-2.2347152,-3.8173244,-2.2347152,-3.8173244,-0.0035125606,0.7902874,-0.0035125606,0.7902874,-2.296189,10.0,-2.296189,10.0,-1.8248633,-7.5917416,-1.8248633,-7.5917416,0.3750376,5.30238,0.3750376,5.30238
0.5270245,-1.653478,-2.6260273,10.0,-0.50746137,10.0,-0.50746137,10.0,-2.2647784,-3.669716,-2.2647784,-3.669716,-0.012406948,-3.0029128,-0.012406948,-3.0029128,-2.1573164,10.0,-2.1573164,10.0,-1.8964417,-10.0,-1.8964417,-10.0,0.400468,1.1794945,0.400468,1.1794945
0.51472515,-1.4555944,-2.513622,10.0,-0.30874473,10.0,-0.30874473,10.0,-2.2832575,-0.8848485,-2.2832575,-0.8848485,-0.094920605,-10.0,-0.094920605,-10.0,-2.0414581,10.0,-2.0414581,10.0,-1.9658085,-6.8763704,-1.9658085,-6.8763704,0.46605814,10.0,0.46605814,10.0
0.50368077,-1.2887206,-2.4085262,10.0,-0.120184414,10.0,-0.120184414,10.0,-2.2919605,-1.3106831,-2.2919605,-1.3106831,-0.19569439,-7.410531,-0.19569439,-7.410531,-1.939839,10.0,-1.939839,10.0,-2.0277934,-8.637723,-2.0277934,-8.637723,0.5675404,9.602511,0.5675404,9.602511
0.4950407,-1.1909332,-2.288829,10.0,0.084340364,10.0,0.084340364,10.0,-2.3011172,0.34496903,-2.3011172,0.34496903,-0.28015926,-10.0,-0.28015926,-10.0,-1.8263935,10.0,-1.8263935,10.0,-2.0904717,-6.5913963,-2.0904717,-6.5913963,0.6494361,10.0,0.6494361,10.0
0.48261017,-1.8757218,-2.2373757,2.8122215,0.18589395,6.9118114,0.18589395,6.9118114,-2.2930226,1.3609658,-2.2930226,1.3609658,-0.29619244,7.3875155,-0.29619244,7.3875155,-1.7711525,4.1753483,-1.7711525,4.1753483,-2.1448815,-7.095726,-2.1448815,-7.095726,0.67556494,-3.8879738,0.67556494,-3.8879738
0.46449292,-2.6548827,-2.2460315,-4.94825,0.19596507,-4.344574,0.19596507,-4.344574,-2.272783,3.7568724,-2.272783,3.7568724,-0.20021336,10.0,-0.20021336,10.0,-1.7648767,-2.5430865,-1.7648767,-2.5430865,-2.1999557,-6.6708975,-2.1999557,-6.6708975,0.6176028,-10.0,0.6176028,-10.0
0.4427592,-2.769249,-2.2871485,-5.2663035,0.16092137,-4.3059573,0.16092137,-4.3059573,-2.248074,2.4510853,-2.248074,2.4510853,-0.04656704,10.0,-0.04656704,10.0,-1.7973765,-5.5588202,-1.7973765,-5.5588202,-2.244904,-4.620191,-2.244904,-4.620191,0.5800826,1.1282346,0.5800826,1.1282346
0.4212206,-2.6185367,-2.3273163,-4.7722936,0.119642116,-5.975069,0.119642116,-5.975069,-2.2173522,5.4088087,-2.2173522,5.4088087,0.16771436,10.0,0.16771436,10.0,-1.8375866,-4.4784718,-1.8375866,-4.4784718,-2.2791555,-3.9529197,-2.2791555,-3.9529197,0.5902537,1.4288526,0.5902537,1.4288526
0.4000657,-2.6702547,-2.3623352,-3.9961278,0.07946046,-4.0769076,0.07946046,-4.0769076,-2.174292,5.275083,-2.174292,5.275083,0.40661016,10.0,0.40661016,10.0,-1.8758389,-5.0981874,-1.8758389,-5.0981874,-2.308861,-3.4473054,-2.308861,-3.4473054,0.6458852,10.0,0.6458852,10.0
0.3793551,-2.5230486,-2.3833034,-1.3883852,0.053092536,-2.612744,0.053092536,-2.612744,-2.115497,9.688019,-2.115497,9.688019,0.67422867,10.0,0.67422867,10.0,-1.8936155,0.53275603,-1.8936155,0.53275603,-2.3466969,-5.987251,-2.3466969,-5.987251,0.6716715,-5.9210935,0.6716715,-5.9210935
0.35939768,-2.493668,-2.3945966,-1.6557758,0.0356487,-1.7111814,0.0356487,-1.7111814,-2.034714,9.593744,-2.034714,9.593744,0.94384754,10.0,0.94384754,10.0,-1.8943863,-0.8755257,-1.8943863,-0.8755257,-2.3861098,-3.92287,-2.3861098,-3.92287,0.67043924,5.571679,0.67043924,5.571679
0.33878085,-2.6504405,-2.4062865,-1.1551085,0.024846278,-1.0554013,0.024846278,-1.0554013,-1.9578187,9.749175,-1.9578187,9.749175,1.0558164,7.180526,1.0558164,7.180526,-1.8953129,0.7518312,-1.8953129,0.7518312,-2.4227536,-5.217671,-2.4227536,-5.217671,0.74173015,10.0,0.74173015,10.0
0.31538445,-3.1940901,-2.4332948,-5.5753613,-0.00813089,-7.2307725,-0.00813089,-7.2307725,-1.8724289,10.0,-1.8724289,10.0,1.0799993,-0.2292271,1.0799993,-0.2292271,-1.8977026,-1.279986,-1.8977026,-1.279986,-2.4708862,-6.8723655,-2.4708862,-6.8723655,0.8178436,6.305348,0.8178436,6.305348
0.28947553,-3.2857246,-2.4768434,-5.296228,-0.06743654,-7.573642,-0.06743654,-7.573642,-1.7768682,10.0,-1.7768682,10.0,1.0503538,-7.168562,1.0503538,-7.168562,-1.900052,0.6753113,-1.900052,0.6753113,-2.5302665,-7.916408,-2.5302665,-7.916408,0.84983814,2.1422389,0.84983814,2.1422389
0.26362067,-3.1856625,-2.5018132,-0.96337074,-0.10084131,-0.70081514,-0.10084131,-0.70081514,-1.6996454,7.1550264,-1.6996454,7.1550264,0.91488373,-10.0,0.91488373,-10.0,-1.8774922,4.931621,-1.8774922,4.931621,-2.5976331,-8.901965,-2.5976331,-8.901965,0.85940206,0.44244337,0.85940206,0.44244337
0.23885313,-2.8731759,-2.5082767,-0.66522974,-0.11470862,-2.917718,-0.11470862,-2.917718,-1.6262048,10.0,-1.6262048,10.0,0.7339595,-10.0,0.7339595,-10.0,-1.8283519,6.8657837,-1.8283519,6.8657837,-2.6624198,-5.9316325,-2.6624198,-5.9316325,0.8434024,-3.0667315,0.8434024,-3.0667315
0.21892087,-2.005095,-2.5199373,-1.9210964,-0.14958136,-5.231383,-0.14958136,-5.231383,-1.5411617,9.864777,-1.5411617,9.864777,0.5460448,-10.0,0.5460448,-10.0,-1.7830845,4.0721884,-1.7830845,4.0721884,-2.694366,-2.8095765,-2.694366,-2.8095765,0.81928134,-2.2903109,0.81928134,-2.2903109
0.20727299,-0.88208526,-2.536906,-1.964832,-0.20263338,-7.5593195,-0.20263338,-7.5593195,-1.4587485,10.0,-1.4587485,10.0,0.36773422,-10.0,0.36773422,-10.0,-1.7633349,1.3137305,-1.7633349,1.3137305,-2.710516,-1.136567,-2.710516,-1.136567,0.8101065,-0.34883007,0.8101065,-0.34883007
0.20361117,-0.09350534,-2.5509496,-1.4854171,-0.26555473,-8.07681,-0.26555473,-8.07681,-1.3726636,10.0,-1.3726636,10.0,0.2298502,-10.0,0.2298502,-10.0,-1.7584869,0.18394227,-1.7584869,0.18394227,-2.7138457,0.18528868,-2.7138457,0.18528868,0.8117893,0.60948205,0.8117893,0.60948205
0.206039,0.6695735,-2.5474517,2.4368677,-0.30733478,-2.2524881,-0.30733478,-2.2524881,-1.2976048,7.6989393,-1.2976048,7.6989393,0.05449788,-10.0,0.05449788,-10.0,-1.7490808,2.34653,-1.7490808,2.34653,-2.7095366,0.82713234,-2.7095366,0.82713234,0.8170228,0.6437351,0.8170228,0.6437351
0.21373495,1.2376947,-2.519,4.7914925,-0.31927028,-0.6114723,-0.31927028,-0.6114723,-1.2295684,9.449164,-1.2295684,9.449164,-0.16805118,-10.0,-0.16805118,-10.0,-1.7199742,5.0666413,-1.7199742,5.0666413,-2.701366,1.1688606,-2.701366,1.1688606,0.8188201,-0.1558627,0.8188201,-0.1558627
0.22496688,1.560347,-2.4713094,7.137354,-0.3072701,3.6130261,-0.3072701,3.6130261,-1.1653149,6.683135,-1.1653149,6.683135,-0.4226778,-10.0,-0.4226778,-10.0,-1.6753049,6.1365213,-1.6753049,6.1365213,-2.6911604,1.3493242,-2.6911604,1.3493242,0.81724536,-0.24642792,0.81724536,-0.24642792
0.23634751,1.2777113,-2.433964,2.205185,-0.3037203,-2.7026007,-0.3037203,-2.7026007,-1.1082187,7.4485517,-1.1082187,7.4485517,-0.66131705,-10.0,-0.66131705,-10.0,-1.6474165,0.83997786,-1.6474165,0.83997786,-2.676807,2.2400165,-2.676807,2.2400165,0.81608444,-0.0533346,0.81608444,-0.0533346
0.2475565,1.5338703,-2.4064023,4.696869,-0.31336972,0.30317068,-0.31336972,0.30317068,-1.0570788,5.08159,-1.0570788,5.08159,-0.8324791,-10.0,-0.8324791,-10.0,-1.6335982,2.5938983,-1.6335982,2.5938983,-2.6589923,2.2348082,-2.6589923,2.2348082,0.8159987,0.018969795,0.8159987,0.018969795
0.26177317,2.0226684,-2.345934,10.0,-0.27892837,8.356405,-0.27892837,8.356405,-1.0365963,0.07645128,-1.0365963,0.07645128,-0.91380626,-5.9181824,-0.91380626,-5.9181824,-1.5945653,7.1620617,-1.5945653,7.1620617,-2.6435194,1.6171203,-2.6435194,1.6171203,0.8146578,-0.32950377,0.8146578,-0.32950377
0.27721426,1.8258927,-2.2670536,9.309789,-0.21267198,8.217962,-0.21267198,8.217962,-1.0462629,-2.434872,-1.0462629,-2.434872,-0.937307,-0.59504133,-0.937307,-0.59504133,-1.5459661,5.007543,-1.5459661,5.007543,-2.6322339,1.1887878,-2.6322339,1.1887878,0.8117479,-0.37364122,0.8117479,-0.37364122
0.2914966,1.7407624,-2.195446,8.592406,-0.15395458,6.4748178,-0.15395458,6.4748178,-1.059137,-0.76254696,-1.059137,-0.76254696,-0.9328576,1.4210184,-0.9328576,1.4210184,-1.5072254,4.6838913,-1.5072254,4.6838913,-2.6229546,1.1243485,-2.6229546,1.1243485,0.80963767,-0.17356874,0.80963767,-0.17356874
0.30556017,1.7718946,-2.1288836,8.051408,-0.10721456,5.2221584,-0.10721456,5.2221584,-1.0615188,0.17895044,-1.0615188,0.17895044,-0.91773784,2.20281,-0.91773784,2.20281,-1.4685262,4.998318,-1.4685262,4.998318,-2.6134481,1.2453715,-2.6134481,1.2453715,0.803861,-1.635745,0.803861,-1.635745
0.31996664,1.8342482,-2.0552635,10.0,-0.053427108,8.220352,-0.053427108,8.220352,-1.062638,-0.44017005,-1.062638,-0.44017005,-0.89970607,2.2391293,-0.89970607,2.2391293,-1.4162226,8.098533,-1.4162226,8.098533,-2.6097186,-0.3386552,-2.6097186,-0.3386552,0.7958479,-0.4933417,0.7958479,-0.4933417
0.3336114,1.5902667,-1.9847075,7.1351876,-0.008391795,2.75757,-0.008391795,2.75757,-1.0558283,2.2865922,-1.0558283,2.2865922,-0.8599042,7.6982074,-0.8599042,7.6982074,-1.3578279,6.312987,-1.3578279,6.312987,-2.6128607,-0.27879938,-2.6128607,-0.27879938,0.7416325,-10.0,0.7416325,-10.0
0.3445571,1.1435877,-1.9461136,2.5169578,-0.010412309,-3.3452213,-0.010412309,-3.3452213,-1.0454602,0.6154413,-1.0454602,0.6154413,-0.70544887,10.0,-0.70544887,10.0,-1.3321941,0.10727277,-1.3321941,0.10727277,-2.6086016,1.3096592,-2.6086016,1.3096592,0.69046193,-0.047028694,0.69046193,-0.047028694
0.3517536,0.65688425,-1.9351588,0.21619675,-0.050504457,-6.6340685,-0.050504457,-6.6340685,-1.0201973,5.4896636,-1.0201973,5.4896636,-0.535471,10.0,-0.535471,10.0,-1.3367214,-1.2509059,-1.3367214,-1.2509059,-2.6026752,0.1777754,-2.6026752,0.1777754,0.68450624,-1.4390755,0.68450624,-1.4390755
0.35484377,0.113422304,-1.9465835,-3.0389547,-0.11508343,-9.454994,-0.11508343,-9.454994,-0.98287225,3.837447,-0.98287225,3.837447,-0.41938353,10.0,-0.41938353,10.0,-1.3712708,-7.322417,-1.3712708,-7.322417,-2.5973086,1.1749234,-2.5973086,1.1749234,0.7294533,10.0,0.7294533,10.0
0.35482112,-0.11176673,-1.9742477,-3.9517236,-0.19321291,-10.0,-0.19321291,-10.0,-0.95326364,3.6126466,-0.95326364,3.6126466,-0.29196835,10.0,-0.29196835,10.0,-1.430154,-7.3263636,-1.430154,-7.3263636,-2.5903258,0.3866734,-2.5903258,0.3866734,0.8264282,9.02211,0.8264282,9.02211
0.35113505,-0.80141294,-2.023714,-8.398513,-0.29381993,-10.0,-0.29381993,-10.0,-0.9219677,4.1849995,-0.9219677,4.1849995,-0.18462314,10.0,-0.18462314,10.0,-1.5047559,-10.0,-1.5047559,-10.0,-2.5898764,-0.24746464,-2.5898764,-0.24746464,0.8740699,3.4702404,0.8740699,3.4702404
0.3428484,-1.261119,-2.1017025,-10.0,-0.42147526,-10.0,-0.42147526,-10.0,-0.89469886,2.6267183,-0.89469886,2.6267183,-0.09262393,10.0,-0.09262393,10.0,-1.6065152,-10.0,-1.6065152,-10.0,-2.5944898,-0.8888178,-2.5944898,-0.8888178,0.88840246,0.4658133,0.88840246,0.4658133
0.33103377,-1.672552,-2.2070794,-10.0,-0.5792249,-10.0,-0.5792249,-10.0,-0.86378086,5.12741,-0.86378086,5.12741,0.00041802067,10.0,0.00041802067,10.0,-1.736698,-10.0,-1.736698,-10.0,-2.601377,-0.85210896,-2.601377,-0.85210896,0.8865389,-0.7615033,0.8865389,-0.7615033
0.3164066,-1.9285975,-2.355289,-10.0,-0.798298,-10.0,-0.798298,-10.0,-0.79981184,10.0,-0.79981184,10.0,0.115017205,10.0,0.115017205,10.0,-1.9118807,-10.0,-1.9118807,-10.0,-2.6031837,0.3319962,-2.6031837,0.3319962,0.8782703,-1.2184083,0.8782703,-1.2184083
0.3026711,-1.5557423,-2.5040948,-10.0,-1.0171475,-10.0,-1.0171475,-10.0,-0.7327275,5.6383004,-0.7327275,5.6383004,0.2683045,10.0,0.2683045,10.0,-2.0850413,-10.0,-2.0850413,-10.0,-2.6123056,-2.510822,-2.6123056,-2.510822,0.8294512,-10.0,0.8294512,-10.0
0.29050156,-1.4128543,-2.6274793,-10.0,-1.1802537,-10.0,-1.1802537,-10.0,-0.7044612,1.7491862,-0.7044612,1.7491862,0.3824426,7.9544187,0.3824426,7.9544187,-2.2216244,-10.0,-2.2216244,-10.0,-2.6328413,-1.993372,-2.6328413,-1.993372,0.7324027,-10.0,0.7324027,-10.0
0.28153646,-0.8851767,-2.720294,-7.9058604,-1.2831813,-7.387767,-1.2831813,-7.387767,-0.70967466,-2.8091738,-0.70967466,-2.8091738,0.4188081,1.5373491,0.4188081,1.5373491,-2.3173935,-7.682688,-2.3173935,-7.682688,-2.6438692,-0.830621,-2.6438692,-0.830621,0.6008689,-10.0,0.6008689,-10.0
0.27468976,-0.7758382,-2.8052664,-10.0,-1.3649653,-10.0,-1.3649653,-10.0,-0.72487783,-0.8253992,-0.72487783,-0.8253992,0.40461048,-4.9051394,0.40461048,-4.9051394,-2.4043524,-10.0,-2.4043524,-10.0,-2.6424136,1.0755668,-2.6424136,1.0755668,0.511647,-2.2334714,0.511647,-2.2334714
0.2686356,-0.6590699,-2.9409,-10.0,-1.5038592,-10.0,-1.5038592,-10.0,-0.7201565,2.0785654,-0.7201565,2.0785654,0.35314345,-7.852369,0.35314345,-7.852369,-2.5427516,-10.0,-2.5427516,-10.0,-2.6354554,0.67884254,-2.6354554,0.67884254,0.50725114,1.1106412,0.50725114,1.1106412
0.26567808,-0.054981463,-3.1027358,-10.0,-1.6760465,-10.0,-1.6760465,-10.0,-0.6964877,3.6283698,-0.6964877,3.6283698,0.27789992,-10.0,0.27789992,-10.0,-2.7031815,-10.0,-2.7031815,-10.0,-2.6299007,0.58945304,-2.6299007,0.58945304,0.5502781,7.9115653,0.5502781,7.9115653
0.2669129,0.31642464,-3.2102056,-10.0,-1.7989347,-10.0,-1.7989347,-10.0,-0.65629464,6.508839,-0.65629464,6.508839,0.15288411,-10.0,0.15288411,-10.0,-2.779509,-5.1526423,-2.779509,-5.1526423,-2.6264837,0.30478612,-2.6264837,0.30478612,0.57608306,-1.0946997,0.57608306,-1.0946997
0.27017853,0.48247108,-3.2801461,-6.615271,-1.8886592,-9.208381,-1.8886592,-9.208381,-0.59997034,7.668563,-0.59997034,7.668563,-0.04966614,-10.0,-0.04966614,-10.0,-2.8005424,-0.6072977,-2.8005424,-0.6072977,-2.615978,2.4518335,-2.615978,2.4518335,0.6243204,10.0,0.6243204,10.0
0.2734733,0.33977166,-3.311038,-1.4303962,-1.9346365,-2.615614,-1.9346365,-2.615614,-0.553523,3.9044783,-0.553523,3.9044783,-0.2575501,-10.0,-0.2575501,-10.0,-2.7926366,2.2082691,-2.7926366,2.2082691,-2.5852265,5.3066583,-2.5852265,5.3066583,0.7562467,10.0,0.7562467,10.0
0.2749296,0.013447562,-3.3121405,1.0690737,-1.9399884,1.30261,-1.9399884,1.30261,-0.53529066,0.4976579,-0.53529066,0.4976579,-0.37352404,-7.62658,-0.37352404,-7.62658,-2.7601914,6.01428,-2.7601914,6.01428,-2.545207,4.3543177,-2.545207,4.3543177,0.8852279,10.0,0.8852279,10.0
0.27447242,-0.12759046,-3.3126552,-1.221022,-1.937202,-0.5747824,-1.937202,-0.5747824,-0.5345482,-0.3906212,-0.5345482,-0.3906212,-0.395039,2.0725029,-0.395039,2.0725029,-2.717037,4.6931973,-2.717037,4.6931973,-2.517599,2.588808,-2.517599,2.588808,0.9333345,2.6071935,0.9333345,2.6071935
0.2728181,-0.28152704,-3.307121,2.6089692,-1.921416,4.512581,-1.921416,4.512581,-0.5407402,-1.116809,-0.5407402,-1.116809,-0.4346057,-10.0,-0.4346057,-10.0,-2.6625402,8.862936,-2.6625402,8.862936,-2.493688,3.4422238,-2.493688,3.4422238,0.93808043,-0.9619742,0.93808043,-0.9619742
0.2705599,-0.27808878,-3.2802842,4.110243,-1.881287,5.498248,-1.881287,5.498248,-0.5395147,1.5626286,-0.5395147,1.5626286,-0.5784745,-10.0,-0.5784745,-10.0,-2.585752,10.0,-2.585752,10.0,-2.4653482,3.6484027,-2.4653482,3.6484027,0.90181804,-8.092363,0.90181804,-8.092363
0.26922622,-0.021427894,-3.252932,2.7402806,-1.8454251,3.4156876,-1.8454251,3.4156876,-0.5306221,0.6274883,-0.5306221,0.6274883,-0.7222764,-10.0,-0.7222764,-10.0,-2.5166042,6.5522747,-2.5166042,6.5522747,-2.4390285,2.1417184,-2.4390285,2.1417184,0.8278778,-7.5306926,0.8278778,-7.5306926
0.26888677,-0.061347567,-3.2505767,-1.8361536,-1.8403546,-1.886481,-1.8403546,-1.886481,-0.5150193,2.5348585,-0.5150193,2.5348585,-0.84011555,-10.0,-0.84011555,-10.0,-2.4880557,0.80640227,-2.4880557,0.80640227,-2.4335425,-0.40628746,-2.4335425,-0.40628746,0.7844481,-3.623442,0.7844481,-3.623442
0.26909027,0.110663965,-3.239303,4.630689,-1.8386574,2.3157434,-1.8386574,2.3157434,-0.48932624,3.8567662,-0.48932624,3.8567662,-0.8659087,5.664268,-0.8659087,5.664268,-2.4575422,6.895831,-2.4575422,6.895831,-2.4419034,-1.5515919,-2.4419034,-1.5515919,0.7523051,-4.613545,0.7523051,-4.613545
0.27011353,0.14624417,-3.2023082,4.6700435,-1.8316236,-0.55470407,-1.8316236,-0.55470407,-0.4384142,9.004356,-0.4384142,9.004356,-0.79773134,10.0,-0.79773134,10.0,-2.400597,7.376568,-2.400597,7.376568,-2.458152,-2.4282756,-2.458152,-2.4282756,0.7159638,-4.3441234,0.7159638,-4.3441234
0.2725132,0.45868254,-3.1651506,4.7020884,-1.8503963,-4.1580386,-1.8503963,-4.1580386,-0.33489993,10.0,-0.33489993,10.0,-0.7496827,0.25877428,-0.7496827,0.25877428,-2.3425074,7.172878,-2.3425074,7.172878,-2.474911,-1.6960952,-2.474911,-1.6960952,0.6801232,-4.6039777,0.6801232,-4.6039777
0.2771387,0.70333034,-3.1341958,3.5630627,-1.9040561,-8.708198,-1.9040561,-8.708198,-0.1630769,10.0,-0.1630769,10.0,-0.82548326,-10.0,-0.82548326,-10.0,-2.3019495,3.0886872,-2.3019495,3.0886872,-2.484129,-0.480761,-2.484129,-0.480761,0.68371934,5.5184555,0.68371934,5.5184555
0.28107783,0.26473898,-3.092373,6.613197,-1.9489112,-2.478381,-1.9489112,-2.478381,0.009540161,10.0,0.009540161,10.0,-0.89045584,-4.617536,-0.89045584,-4.617536,-2.2614224,6.9964743,-2.2614224,6.9964743,-2.4939244,-2.085708,-2.4939244,-2.085708,0.71573657,2.483672,0.71573657,2.483672
0.27979958,-0.5478395,-3.0523043,3.4163563,-1.9579681,-0.30763212,-1.9579681,-0.30763212,0.10611917,7.299712,0.10611917,7.299712,-0.8816686,6.2599344,-0.8816686,6.2599344,-2.2025504,7.7249813,-2.2025504,7.7249813,-2.5281248,-6.256723,-2.5281248,-6.256723,0.67495334,-10.0,0.67495334,-10.0
0.2748546,-0.65090185,-3.023917,3.7575915,-1.9455922,3.1167974,-1.9455922,3.1167974,0.13985112,1.7487081,0.13985112,1.7487081,-0.8441549,3.3652954,-0.8441549,3.3652954,-2.147788,5.9170465,-2.147788,5.9170465,-2.5712614,-4.497712,-2.5712614,-4.497712,0.64551765,5.1558766,0.64551765,5.1558766
0.26800215,-1.0644463,-3.0005915,2.0892673,-1.9176619,3.8684773,-1.9176619,3.8684773,0.136848,-2.4804509,0.136848,-2.4804509,-0.81460166,4.0129724,-0.81460166,4.0129724,-2.1021543,5.5043087,-2.1021543,5.5043087,-2.6124449,-5.7833524,-2.6124449,-5.7833524,0.690865,6.182983,0.690865,6.182983
0.26133317,-0.61064965,-2.9862661,1.4867172,-1.8935373,2.141227,-1.8935373,2.141227,0.11624222,-2.588995,0.11624222,-2.588995,-0.75307655,10.0,-0.75307655,10.0,-2.0627408,4.3696165,-2.0627408,4.3696165,-2.6465015,-2.7838967,-2.6465015,-2.7838967,0.6912468,-6.0983686,0.6912468,-6.0983686
0.25680912,-0.5427814,-2.9637096,4.1565933,-1.8566334,7.1375356,-1.8566334,7.1375356,0.06942902,-9.035069,0.06942902,-9.035069,-0.60085887,10.0,-0.60085887,10.0,-2.02093,6.148052,-2.02093,6.148052,-2.660572,-0.9100079,-2.660572,-0.9100079,0.6788166,2.8157766,0.6788166,2.8157766
0.25246248,-0.56110674,-2.9199994,6.836632,-1.7817246,10.0,-1.7817246,10.0,-0.004786002,-9.805481,-0.004786002,-9.805481,-0.44859725,10.0,-0.44859725,10.0,-1.9616765,8.773007,-1.9616765,8.773007,-2.6641376,-0.063283466,-2.6641376,-0.063283466,0.74416167,10.0,0.74416167,10.0
0.2483236,-0.5099068,-2.8891616,0.8421627,-1.7233577,2.8653088,-1.7233577,2.8653088,-0.054336604,-2.7278643,-0.054336604,-2.7278643,-0.41440585,-3.7882972,-0.41440585,-3.7882972,-1.9206915,2.007524,-1.9206915,2.007524,-2.657186,1.2894553,-2.657186,1.2894553,0.8619488,10.0,0.8619488,10.0
0.24530683,-0.23629394,-2.9014306,-3.8801346,-1.7389948,-6.753951,-1.7389948,-6.753951,-0.034166504,7.8445764,-0.034166504,7.8445764,-0.51679546,-10.0,-0.51679546,-10.0,-1.9274714,-3.7684324,-1.9274714,-3.7684324,-2.641719,2.6205049,-2.641719,2.6205049,0.91537297,3.6356428,0.91537297,3.6356428
0.24356055,-0.13605627,-2.9296317,-2.429039,-1.7812842,-2.8654761,-1.7812842,-2.8654761,0.017306628,4.538668,0.017306628,4.538668,-0.7362666,-10.0,-0.7362666,-10.0,-1.9560091,-2.8032207,-1.9560091,-2.8032207,-2.618257,3.3815315,-2.618257,3.3815315,0.9271738,-0.21140762,0.9271738,-0.21140762
0.24306917,-0.0021593547,-2.940365,-0.47339782,-1.7864846,1.3598192,-1.7864846,1.3598192,0.026535545,-2.3275948,0.026535545,-2.3275948,-0.9210472,-10.0,-0.9210472,-10.0,-1.9747223,-2.012804,-1.9747223,-2.012804,-2.5896401,3.7790499,-2.5896401,3.7790499,0.8857043,-10.0,0.8857043,-10.0
0.24327423,0.06479569,-2.9401522,0.3580697,-1.7716833,2.150734,-1.7716833,2.150734,-0.00080651505,-4.5053077,-0.00080651505,-4.5053077,-0.9723597,0.94730157,-0.9723597,0.94730157,-1.9851223,-0.8817201,-1.9851223,-0.8817201,-2.5654416,2.0977647,-2.5654416,2.0977647,0.7713934,-10.0,0.7713934,-10.0
0.24599198,0.5922537,-2.939328,-0.29707998,-1.7653191,-0.6693548,-1.7653191,-0.6693548,-0.03045368,-2.9300117,-0.03045368,-2.9300117,-0.93329364,8.772859,-0.93329364,8.772859,-2.0055246,-4.271243,-2.0055246,-4.271243,-2.5448954,3.0834043,-2.5448954,3.0834043,0.7200455,-1.8428323,0.7200455,-1.8428323
0.25190127,0.8841846,-2.9644916,-5.9910703,-1.808723,-10.0,-1.808723,-10.0,-0.024681324,4.229896,-0.024681324,4.229896,-0.8778879,5.2967057,-0.8778879,5.2967057,-2.0685854,-10.0,-2.0685854,-10.0,-2.5153532,4.358176,-2.5153532,4.358176,0.72879606,3.4713562,0.72879606,3.4713562
0.25774136,0.5805625,-3.0192318,-7.713161,-1.8778882,-7.1996074,-1.8778882,-7.1996074,-0.022371644,-3.66291,-0.022371644,-3.66291,-0.799887,10.0,-0.799887,10.0,-2.1617153,-10.0,-2.1617153,-10.0,-2.484977,3.265156,-2.484977,3.265156,0.763572,4.969961,0.763572,4.969961
0.26147887,0.32908446,-3.0770938,-6.783875,-1.9225907,-3.9645395,-1.9225907,-3.9645395,-0.06387586,-6.7951345,-0.06387586,-6.7951345,-0.6841565,10.0,-0.6841565,10.0,-2.2495613,-9.434121,-2.2495613,-9.434121,-2.463947,1.5248542,-2.463947,1.5248542,0.82191616,6.1402874,0.82191616,6.1402874
0.2658347,0.7657521,-3.1341617,-7.4675307,-1.9765971,-9.505112,-1.9765971,-9.505112,-0.07236185,4.5987196,-0.07236185,4.5987196,-0.6561027,-7.671778,-0.6561027,-7.671778,-2.3216136,-8.67687,-2.3216136,-8.67687,-2.4501376,1.9937899,-2.4501376,1.9937899,0.8560106,2.6888306,0.8560106,2.6888306
0.27159446,0.6835722,-3.2012236,-9.303142,-2.0531664,-9.632799,-2.0531664,-9.632799,-0.04663811,1.8183962,-0.04663811,1.8183962,-0.7220759,-8.7871685,-0.7220759,-8.7871685,-2.3924336,-9.12626,-2.3924336,-9.12626,-2.439638,0.7063397,-2.439638,0.7063397,0.8667388,0.2401561,0.8667388,0.2401561
0.27586848,0.3705586,-3.2696633,-7.6600175,-2.1193702,-6.6063967,-2.1193702,-6.6063967,-0.034513976,0.40740037,-0.034513976,0.40740037,-0.8186613,-10.0,-0.8186613,-10.0,-2.455838,-6.7440147,-2.455838,-6.7440147,-2.4423575,-1.3239626,-2.4423575,-1.3239626,0.86340266,-0.9227989,0.86340266,-0.9227989
0.27872643,0.3318887,-3.3077931,-1.8668408,-2.157563,-2.9590037,-2.157563,-2.9590037,-0.023119327,2.4529126,-0.023119327,2.4529126,-0.85023737,3.5855594,-0.85023737,3.5855594,-2.4884276,-1.4171089,-2.4884276,-1.4171089,-2.4521046,-1.078959,-2.4521046,-1.078959,0.8544098,-1.2516038,0.8544098,-1.2516038
0.2797478,-0.075885065,-3.3221998,-1.728592,-2.170533,-0.291612,-2.170533,-0.291612,-0.02482373,-2.8194497,-0.02482373,-2.8194497,-0.78209716,10.0,-0.78209716,10.0,-2.499719,-1.4146382,-2.499719,-1.4146382,-2.4670043,-2.6383598,-2.4670043,-2.6383598,0.8449195,-1.1085839,0.8449195,-1.1085839
0.27780017,-0.407266,-3.3532023,-6.025885,-2.1798327,-2.0047631,-2.1798327,-2.0047631,-0.055234656,-4.8676624,-0.055234656,-4.8676624,-0.74211955,-3.1804192,-0.74211955,-3.1804192,-2.519693,-3.5531523,-2.519693,-3.5531523,-2.4994361,-5.4275827,-2.4994361,-5.4275827,0.7885436,-10.0,0.7885436,-10.0
0.27628097,0.024277493,-3.4093413,-7.837335,-2.2189069,-7.372689,-2.2189069,-7.372689,-0.06136184,2.3338163,-0.06136184,2.3338163,-0.8139126,-10.0,-0.8139126,-10.0,-2.5608327,-6.7073226,-2.5608327,-6.7073226,-2.535194,-3.5350287,-2.535194,-3.5350287,0.7020734,-8.732787,0.7020734,-8.732787
0.27615482,-0.06054553,-3.482963,-10.0,-2.277195,-6.9533696,-2.277195,-6.9533696,-0.06728501,-3.655511,-0.06728501,-3.655511,-0.8655611,-3.5323462,-0.8655611,-3.5323462,-2.6247733,-8.894795,-2.6247733,-8.894795,-2.5651598,-3.9913158,-2.5651598,-3.9913158,0.63235295,-8.853323,0.63235295,-8.853323
0.27445823,-0.35705507,-3.538394,-3.9619842,-2.3090162,-1.4221538,-2.3090162,-1.4221538,-0.09304974,-2.702248,-0.09304974,-2.702248,-0.88001555,-0.44871098,-0.88001555,-0.44871098,-2.6730192,-3.6712363,-2.6730192,-3.6712363,-2.5941737,-3.2392166,-2.5941737,-3.2392166,0.588164,-2.0234835,0.588164,-2.0234835
0.2703387,-0.64759064,-3.561225,-1.9054244,-2.3025286,2.8022983,-2.3025286,2.8022983,-0.13993607,-8.865417,-0.13993607,-8.865417,-0.8285885,10.0,-0.8285885,10.0,-2.6899023,-0.84895617,-2.6899023,-0.84895617,-2.6200159,-3.0949428,-2.6200159,-3.0949428,0.55531645,-6.016933,0.55531645,-6.016933
0.26513088,-0.66966915,-3.5584702,2.478328,-2.273322,4.488509,-2.273322,4.488509,-0.18886879,-3.5304613,-0.18886879,-3.5304613,-0.75044894,6.6538405,-0.75044894,6.6538405,-2.6845,2.1926868,-2.6845,2.1926868,-2.6371045,-1.3358558,-2.6371045,-1.3358558,0.5437794,3.0339553,0.5437794,3.0339553
0.25954306,-0.7347932,-3.5288186,4.876558,-2.2297506,6.4070864,-2.2297506,6.4070864,-0.21019751,-1.885591,-0.21019751,-1.885591,-0.736078,-3.0030391,-0.736078,-3.0030391,-2.6513267,6.10532,-2.6513267,6.10532,-2.6445367,-0.5841966,-2.6445367,-0.5841966,0.5137885,-10.0,0.5137885,-10.0
0.25341487,-0.7004657,-3.47736,8.195309,-2.1664946,9.3384695,-2.1664946,9.3384695,-0.23483586,-3.9139478,-0.23483586,-3.9139478,-0.6961753,10.0,-0.6961753,10.0,-2.5853786,10.0,-2.5853786,10.0,-2.6474721,-0.278233,-2.6474721,-0.278233,0.38586774,-10.0,0.38586774,-10.0
0.2488324,-0.45577165,-3.4118297,8.145149,-2.0955365,8.413679,-2.0955365,8.413679,-0.25314128,-0.77052337,-0.25314128,-0.77052337,-0.66208327,-4.112833,-0.66208327,-4.112833,-2.508521,9.117404,-2.508521,9.117404,-2.6490853,-0.13087808,-2.6490853,-0.13087808,0.3006314,-6.9713845,0.3006314,-6.9713845
0.24738567,0.085064426,-3.3540983,6.2972493,-2.0466905,3.80082,-2.0466905,3.80082,-0.24545419,2.7073889,-0.24545419,2.7073889,-0.6561833,5.541434,-0.6561833,5.541434,-2.4600592,2.9983199,-2.4600592,2.9983199,-2.6466079,0.7256421,-2.6466079,0.7256421,0.28858596,3.75852,0.28858596,3.75852
0.25002602,0.5738417,-3.2995644,7.3782034,-2.0262532,1.3371207,-2.0262532,1.3371207,-0.20289323,8.0016575,-0.20289323,8.0016575,-0.59073323,10.0,-0.59073323,10.0,-2.442329,1.4548594,-2.442329,1.4548594,-2.6351342,2.1615539,-2.6351342,2.1615539,0.33657816,8.16921,0.33657816,8.16921
0.2528416,0.14659557,-3.2319448,9.533892,-1.9921023,7.1874666,-1.9921023,7.1874666,-0.1737101,-0.48778123,-0.1737101,-0.48778123,-0.42238104,10.0,-0.42238104,10.0,-2.4199286,4.1542587,-2.4199286,4.1542587,-2.6233296,0.905209,-2.6233296,0.905209,0.3736054,-0.033273157,0.3736054,-0.033273157
0.25481454,0.34737048,-3.1510453,10.0,-1.9405143,5.6559815,-1.9405143,5.6559815,-0.14657928,6.759221,-0.14657928,6.759221,-0.2537227,10.0,-0.2537227,10.0,-2.3784215,6.156922,-2.3784215,6.156922,-2.6155813,0.9290237,-2.6155813,0.9290237,0.38137978,2.0126898,0.38137978,2.0126898
0.25715083,0.24332784,-3.068033,10.0,-1.8858497,8.029008,-1.8858497,8.029008,-0.10480167,3.835805,-0.10480167,3.835805,-0.21577334,-0.34367588,-0.21577334,-0.34367588,-2.3240464,7.4691024,-2.3240464,7.4691024,-2.609791,0.5716737,-2.609791,0.5716737,0.3659349,-5.875141,0.3659349,-5.875141
0.26057154,0.58987343,-3.0062962,5.0412173,-1.8553468,-0.38473043,-1.8553468,-0.38473043,-0.052505955,9.344833,-0.052505955,9.344833,-0.22407952,-1.6734972,-0.22407952,-1.6734972,-2.2949603,-0.16739823,-2.2949603,-0.16739823,-2.5988436,2.2209654,-2.5988436,2.2209654,0.3736166,7.7622685,0.3736166,7.7622685
0.26462454,0.3451564,-2.9885762,-0.6714671,-1.879591,-4.9173965,-1.879591,-4.9173965,0.020825988,7.5141015,0.020825988,7.5141015,-0.24851027,-3.3113377,-0.24851027,-3.3113377,-2.3223197,-6.6153307,-2.3223197,-6.6153307,-2.5786982,2.659116,-2.5786982,2.659116,0.45165387,10.0,0.45165387,10.0
0.2651913,-0.16863249,-3.0158904,-6.143378,-1.928391,-7.541002,-1.928391,-7.541002,0.06022697,2.822216,0.06022697,2.822216,-0.24592222,3.7541203,-0.24592222,3.7541203,-2.3891675,-10.0,-2.3891675,-10.0,-2.565523,0.64062685,-2.565523,0.64062685,0.5016063,0.8688895,0.5016063,0.8688895
0.26349875,-0.24762975,-3.0642822,-5.9263687,-1.9802692,-5.529037,-1.9802692,-5.529037,0.07312943,0.64795095,0.07312943,0.64795095,-0.25163287,-5.2691445,-0.25163287,-5.2691445,-2.4744053,-10.0,-2.4744053,-10.0,-2.557225,1.477216,-2.557225,1.477216,0.53779614,8.1704645,0.53779614,8.1704645
0.26166815,-0.1777607,-3.133669,-10.0,-2.0451074,-10.0,-2.0451074,-10.0,0.0728972,-0.5501914,0.0728972,-0.5501914,-0.25356206,4.4458895,-0.25356206,4.4458895,-2.5836096,-10.0,-2.5836096,-10.0,-2.5439224,1.8046838,-2.5439224,1.8046838,0.565098,-1.3188515,0.565098,-1.3188515
0.26098317,-0.03255757,-3.205118,-4.640348,-2.1104705,-3.854047,-2.1104705,-3.854047,0.06562028,-1.1527708,0.06562028,-1.1527708,-0.21220198,5.5931005,-0.21220198,5.5931005,-2.6950386,-9.47356,-2.6950386,-9.47356,-2.5229075,3.37765,-2.5229075,3.37765,0.59904444,8.971687,0.59904444,8.971687
0.26037574,-0.11207977,-3.2276666,-1.4657757,-2.126171,-0.56874526,-2.126171,-0.56874526,0.055412218,-1.3409389,0.055412218,-1.3409389,-0.1556783,8.484238,-0.1556783,8.484238,-2.7435656,-3.2830982,-2.7435656,-3.2830982,-2.4996002,2.468962,-2.4996002,2.468962,0.62412304,-2.439993,0.62412304,-2.439993
0.25943765,-0.11893656,-3.2280648,1.08292,-2.1177337,2.3940892,-2.1177337,2.3940892,0.04523249,-1.1905459,0.04523249,-1.1905459,-0.12769656,-1.3802838,-0.12769656,-1.3802838,-2.7549644,0.051572885,-2.7549644,0.051572885,-2.4757404,3.5201182,-2.4757404,3.5201182,0.61852425,1.1609739,0.61852425,1.1609739
0.2578839,-0.2666114,-3.2055397,4.3012166,-2.0777738,7.3841233,-2.0777738,7.3841233,0.020889461,-4.9141326,0.020889461,-4.9141326,-0.12285033,2.3755581,-0.12285033,2.3755581,-2.747041,1.7009702,-2.747041,1.7009702,-2.4426785,4.7805276,-2.4426785,4.7805276,0.6743416,10.0,0.6743416,10.0
0.25555718,-0.26822788,-3.1723876,3.6852257,-2.0244308,5.5601225,-2.0244308,5.5601225,-0.005617568,-1.6477625,-0.005617568,-1.6477625,-0.15126012,-9.902765,-0.15126012,-9.902765,-2.7299175,2.613157,-2.7299175,2.613157,-2.4126549,2.3115408,-2.4126549,2.3115408,0.7652268,8.616163,0.7652268,8.616163
0.25299585,-0.39502603,-3.1537285,1.0853401,-1.9848136,4.4549003,-1.9848136,4.4549003,-0.02813341,-3.9161775,-0.02813341,-3.9161775,-0.25980994,-10.0,-0.25980994,-10.0,-2.7094977,2.4409845,-2.7094977,2.4409845,-2.406983,-0.7231898,-2.406983,-0.7231898,0.81398547,4.0197673,0.81398547,4.0197673
0.2497802,-0.3869251,-3.1492298,0.113120206,-1.9426547,6.057445,-1.9426547,6.057445,-0.08279713,-9.628945,-0.08279713,-9.628945,-0.38004595,-10.0,-0.38004595,-10.0,-2.6910083,2.116631,-2.6910083,2.116631,-2.417483,-1.698994,-2.417483,-1.698994,0.8366413,1.8674889,0.8366413,1.8674889
0.2476965,-0.15651414,-3.1524947,-0.7516605,-1.9049351,3.5903246,-1.9049351,3.5903246,-0.15447623,-8.387036,-0.15447623,-8.387036,-0.43065366,0.4193548,-0.43065366,0.4193548,-2.6772795,1.4211172,-2.6772795,1.4211172,-2.4333515,-2.2955163,-2.4333515,-2.2955163,0.84066826,-0.7213608,0.84066826,-0.7213608
0.24762037,0.121341884,-3.1570373,-0.31792602,-1.8790375,2.992039,-1.8790375,2.992039,-0.21791379,-7.5235806,-0.21791379,-7.5235806,-0.41404316,3.7587743,-0.41404316,3.7587743,-2.6667476,1.238928,-2.6667476,1.238928,-2.4461598,-0.93854356,-2.4461598,-0.93854356,0.8353599,-0.5979524,0.8353599,-0.5979524
0.24838258,0.072090976,-3.164501,-1.4606746,-1.8559661,2.8523939,-1.8559661,2.8523939,-0.27924794,-7.7296143,-0.27924794,-7.7296143,-0.45380178,-10.0,-0.45380178,-10.0,-2.6565719,1.3536607,-2.6565719,1.3536607,-2.4571788,-1.7972792,-2.4571788,-1.7972792,0.8301731,-0.673732,0.8301731,-0.673732
0.24925332,0.14675549,-3.1767066,-1.5659055,-1.8366736,1.9946136,-1.8366736,1.9946136,-0.33885223,-7.212957,-0.33885223,-7.212957,-0.54174757,-8.120284,-0.54174757,-8.120284,-2.648186,0.7869519,-2.648186,0.7869519,-2.4676309,-0.81410426,-2.4676309,-0.81410426,0.82426995,-0.7692173,0.82426995,-0.7692173
0.25017738,0.065798305,-3.1904175,-1.9617336,-1.8226615,1.4589813,-1.8226615,1.4589813,-0.39180258,-6.04411,-0.39180258,-6.04411,-0.62975264,-10.0,-0.62975264,-10.0,-2.6427643,0.552487,-2.6427643,0.552487,-2.4753585,-1.1904275,-2.4753585,-1.1904275,0.808129,-3.3556015,0.808129,-3.3556015
0.25024143,-0.040689558,-3.2058122,-1.7964982,-1.8196573,-0.6480147,-1.8196573,-0.6480147,-0.41298187,0.65320694,-0.41298187,0.65320694,-0.7922748,-10.0,-0.7922748,-10.0,-2.6258323,3.6508853,-2.6258323,3.6508853,-2.4969351,-4.1076803,-2.4969351,-4.1076803,0.75116944,-8.286641,0.75116944,-8.286641
0.25119528,0.26746944,-3.227622,-3.8388019,-1.8412404,-4.8462853,-1.8412404,-4.8462853,-0.40166673,2.2169898,-0.40166673,2.2169898,-0.92902833,-10.0,-0.92902833,-10.0,-2.6081796,0.73925394,-2.6081796,0.73925394,-2.523515,-2.6074328,-2.523515,-2.6074328,0.6897829,-9.394384,0.6897829,-9.394384
0.25173348,-0.131472,-3.2510176,-2.0444577,-1.8564743,0.9583959,-1.8564743,0.9583959,-0.41910854,-6.375335,-0.41910854,-6.375335,-0.97622436,-2.4009714,-0.97622436,-2.4009714,-2.603443,0.42369607,-2.603443,0.42369607,-2.5430453,-2.3080668,-2.5430453,-2.3080668,0.65577286,0.8612613,0.65577286,0.8612613
0.2490108,-0.5411013,-3.241531,4.4600906,-1.8102666,10.0,-1.8102666,10.0,-0.4971285,-10.0,-0.4971285,-10.0,-0.9791578,1.1875225,-0.9791578,1.1875225,-2.5748034,6.7418942,-2.5748034,6.7418942,-2.5616424,-2.321914,-2.5616424,-2.321914,0.663472,1.0584211,0.663472,1.0584211
0.24652392,-0.09195772,-3.213034,2.8538203,-1.7418272,6.7041445,-1.7418272,6.7041445,-0.5993493,-10.0,-0.5993493,-10.0,-0.89298403,10.0,-0.89298403,10.0,-2.5325732,4.020814,-2.5325732,4.020814,-2.57016,0.20231077,-2.57016,0.20231077,0.7035915,8.956574,0.7035915,8.956574
0.24618322,-0.0056529352,-3.2011054,0.2985534,-1.7136488,0.61906534,-1.7136488,0.61906534,-0.6658019,-4.3210382,-0.6658019,-4.3210382,-0.766789,10.0,-0.766789,10.0,-2.5041716,3.371313,-2.5041716,3.371313,-2.5710905,-0.47236952,-2.5710905,-0.47236952,0.79894924,10.0,0.79894924,10.0
0.24629506,0.027079143,-3.2047398,-1.1183869,-1.7200371,-2.1003034,-1.7200371,-2.1003034,-0.681843,0.28217193,-0.681843,0.28217193,-0.7300131,-2.4606037,-0.7300131,-2.4606037,-2.4714198,4.8317213,-2.4714198,4.8317213,-2.5792747,-1.5551456,-2.5792747,-1.5551456,0.87143093,4.4978247,0.87143093,4.4978247
0.2466513,0.058035415,-3.209898,-0.1731561,-1.7252308,0.87051857,-1.7252308,0.87051857,-0.69552237,-3.848776,-0.69552237,-3.848776,-0.68792427,10.0,-0.68792427,10.0,-2.4306645,5.348237,-2.4306645,5.348237,-2.5891068,-0.9051353,-2.5891068,-0.9051353,0.8924256,1.1293098,0.8924256,1.1293098
0.24711616,0.058093097,-3.2089956,0.4173587,-1.7098219,3.0107427,-1.7098219,3.0107427,-0.73398525,-5.8440447,-0.73398525,-5.8440447,-0.5937509,10.0,-0.5937509,10.0,-2.391745,4.382791,-2.391745,4.382791,-2.5981772,-1.3634155,-2.5981772,-1.3634155,0.8940564,-0.5085051,0.8940564,-0.5085051
0.24811931,0.1934949,-3.2020748,1.3171582,-1.6821929,3.9246347,-1.6821929,3.9246347,-0.78280556,-6.42271,-0.78280556,-6.42271,-0.4879685,10.0,-0.4879685,10.0,-2.3569608,4.307563,-2.3569608,4.307563,-2.6034267,0.054755624,-2.6034267,0.054755624,0.88545257,-1.4844353,0.88545257,-1.4844353
0.2495906,0.17143512,-3.196175,0.22874479,-1.6557511,2.7875457,-1.6557511,2.7875457,-0.8245058,-4.1046157,-0.8245058,-4.1046157,-0.43046817,-0.8051155,-0.43046817,-0.8051155,-2.316542,5.8817124,-2.316542,5.8817124,-2.6071057,-0.89958376,-2.6071057,-0.89958376,0.80650586,-10.0,0.80650586,-10.0
0.2512847,0.2639448,-3.1932158,0.5426973,-1.6373883,1.6827539,-1.6373883,1.6827539,-0.8548208,-3.2101362,-0.8548208,-3.2101362,-0.38395005,10.0,-0.38395005,10.0,-2.2769637,3.9689214,-2.2769637,3.9689214,-2.6079254,0.6629202,-2.6079254,0.6629202,0.71826565,-3.798016,0.71826565,-3.798016
0.25196874,-0.09566309,-3.1837976,1.8214278,-1.6177979,3.2446656,-1.6177979,3.2446656,-0.87503153,-1.9026972,-0.87503153,-1.9026972,-0.3085819,6.2630115,-0.3085819,6.2630115,-2.234049,6.7862983,-2.234049,6.7862983,-2.611355,-1.4866879,-2.611355,-1.4866879,0.65439445,-10.0,0.65439445,-10.0
0.25106782,-0.052968938,-3.1711466,1.4104856,-1.587162,4.2941117,-1.587162,4.2941117,-0.8977657,-3.5852451,-0.8977657,-3.5852451,-0.31562328,-7.957703,-0.31562328,-7.957703,-2.1827323,5.7210536,-2.1827323,5.7210536,-2.619944,-0.7985302,-2.619944,-0.7985302,0.5482515,-10.0,0.5482515,-10.0
0.25237337,0.37439248,-3.167059,-0.40018526,-1.571206,-0.2956891,-1.571206,-0.2956891,-0.9133999,-0.37514615,-0.9133999,-0.37514615,-0.3383114,2.2966926,-0.3383114,2.2966926,-2.151866,2.0320182,-2.151866,2.0320182,-2.623414,-0.011449992,-2.623414,-0.011449992,0.47251874,-7.109938,0.47251874,-7.109938
0.25671545,0.7188027,-3.1886508,-4.9780493,-1.6034292,-7.746443,-1.6034292,-7.746443,-0.8946804,5.0767403,-0.8946804,5.0767403,-0.32739648,0.41032475,-0.32739648,0.41032475,-2.1584694,-3.6643872,-2.1584694,-3.6643872,-2.6211538,0.5788641,-2.6211538,0.5788641,0.43648258,-1.8649372,0.43648258,-1.8649372
0.26173767,0.5525287,-3.2254846,-4.2147985,-1.6562079,-5.4734054,-1.6562079,-5.4734054,-0.86280674,2.9248848,-0.86280674,2.9248848,-0.3599722,-8.493149,-0.3599722,-8.493149,-2.1800275,-1.7760751,-2.1800275,-1.7760751,-2.619512,-0.10696069,-2.619512,-0.10696069,0.41490808,-3.4330416,0.41490808,-3.4330416
0.26665178,0.67129886,-3.2524366,-2.5241904,-1.6966326,-4.6294093,-1.6966326,-4.6294093,-0.8437154,1.8617492,-0.8437154,1.8617492,-0.35561943,9.501918,-0.35561943,9.501918,-2.2002628,-3.2718432,-2.2002628,-3.2718432,-2.6204078,-0.11061624,-2.6204078,-0.11061624,0.4253726,6.061911,0.4253726,6.061911
0.27233863,0.7476015,-3.2672822,-1.1702223,-1.7378292,-5.68191,-1.7378292,-5.68191,-0.81588566,5.297408,-0.81588566,5.297408,-0.22581065,10.0,-0.22581065,10.0,-2.224712,-2.815784,-2.224712,-2.815784,-2.6198876,0.27929416,-2.6198876,0.27929416,0.49656615,10.0,0.49656615,10.0
0.27908927,0.94228315,-3.273484,-0.34366232,-1.7912486,-7.6893167,-1.7912486,-7.6893167,-0.75300324,10.0,-0.75300324,10.0,-0.0046499795,10.0,-0.0046499795,10.0,-2.2452035,-2.3075972,-2.2452035,-2.3075972,-2.6150177,0.9235543,-2.6150177,0.9235543,0.56155837,4.5053906,0.56155837,4.5053906
0.28555408,0.64712435,-3.2865467,-3.2164378,-1.8561225,-8.131584,-1.8561225,-8.131584,-0.6715741,8.071409,-0.6715741,8.071409,0.21378908,10.0,0.21378908,10.0,-2.277089,-5.68328,-2.277089,-5.68328,-2.6095965,0.3969655,-2.6095965,0.3969655,0.65822816,10.0,0.65822816,10.0
0.291356,0.76651067,-3.3214383,-5.4577937,-1.9222792,-8.45955,-1.9222792,-8.45955,-0.62255156,4.42454,-0.62255156,4.42454,0.351483,10.0,0.351483,10.0,-2.3349729,-7.8562646,-2.3349729,-7.8562646,-2.5953236,2.4897275,-2.5953236,2.4897275,0.87153494,10.0,0.87153494,10.0
0.2970106,0.7006811,-3.3985193,-10.0,-2.014812,-10.0,-2.014812,-10.0,-0.5985031,1.8177184,-0.5985031,1.8177184,0.45074725,10.0,0.45074725,10.0,-2.4214203,-10.0,-2.4214203,-10.0,-2.5882897,-0.71246654,-2.5882897,-0.71246654,1.0038086,9.447734,1.0038086,9.447734
0.30308914,0.8289449,-3.5127409,-10.0,-2.1407633,-10.0,-2.1407633,-10.0,-0.5717299,4.9621487,-0.5717299,4.9621487,0.5005404,1.8005146,0.5005404,1.8005146,-2.5272803,-10.0,-2.5272803,-10.0,-2.602182,-2.6791003,-2.602182,-2.6791003,1.0391423,0.092999965,1.0391423,0.092999965
0.3118344,1.3312094,-3.6323123,-10.0,-2.2775443,-10.0,-2.2775443,-10.0,-0.53269166,4.788131,-0.53269166,4.788131,0.5430133,8.740006,0.5430133,8.740006,-2.628914,-10.0,-2.628914,-10.0,-2.618443,-1.3283508,-2.618443,-1.3283508,1.0253934,-3.069661,1.0253934,-3.069661
0.32060266,0.8648962,-3.7208443,-7.962653,-2.3763764,-8.26331,-2.3763764,-8.26331,-0.5106365,0.7817564,-0.5106365,0.7817564,0.6081964,7.665003,0.6081964,7.665003,-2.6956768,-4.9610395,-2.6956768,-4.9610395,-2.6268373,-0.7824077,-2.6268373,-0.7824077,0.94827175,-10.0,0.94827175,-10.0
0.32623684,0.56169003,-3.7698424,-4.615405,-2.431051,-5.7280374,-2.431051,-5.7280374,-0.4971651,2.589118,-0.4971651,2.589118,0.65113795,3.069488,0.65113795,3.069488,-2.7181265,-1.0698688,-2.7181265,-1.0698688,-2.6307924,-0.25550944,-2.6307924,-0.25550944,0.8356447,-10.0,0.8356447,-10.0
0.33000267,0.39617482,-3.7922719,-1.1327227,-2.4616177,-2.07261,-2.4616177,-2.07261,-0.48042542,1.624105,-0.48042542,1.624105,0.6885237,6.2589965,0.6885237,6.2589965,-2.7176914,0.92038846,-2.7176914,0.92038846,-2.6243718,1.8902686,-2.6243718,1.8902686,0.77162075,-3.4471262,0.77162075,-3.4471262
0.3334246,0.4723185,-3.7933376,0.6698347,-2.4797895,-2.671446,-2.4797895,-2.671446,-0.4495761,6.101378,-0.4495761,6.101378,0.7078534,-1.423442,0.7078534,-1.423442,-2.7081106,1.4036351,-2.7081106,1.4036351,-2.6017988,3.626015,-2.6017988,3.626015,0.7914357,6.720392,0.7914357,6.720392
0.33625948,0.24313073,-3.7886934,0.4194784,-2.4934862,-0.8084643,-2.4934862,-0.8084643,-0.4156447,2.369101,-0.4156447,2.369101,0.70603704,1.0332476,0.70603704,1.0332476,-2.6953285,1.7123904,-2.6953285,1.7123904,-2.577508,2.4296575,-2.577508,2.4296575,0.79296774,-6.272001,0.79296774,-6.272001
0.33594674,-0.30938932,-3.7581873,7.1812057,-2.4730015,5.9202404,-2.4730015,5.9202404,-0.39744762,2.1684062,-0.39744762,2.1684062,0.6981892,-2.9637308,0.6981892,-2.9637308,-2.6570601,7.8343644,-2.6570601,7.8343644,-2.5529823,3.67571,-2.5529823,3.67571,0.7422791,-6.424435,0.7422791,-6.424435
0.3335568,-0.29444873,-3.7116604,4.4406605,-2.4279175,5.384233,-2.4279175,5.384233,-0.39235255,-1.0706943,-0.39235255,-1.0706943,0.66535383,-5.4659204,0.66535383,-5.4659204,-2.604754,5.244974,-2.604754,5.244974,-2.5244105,3.4794624,-2.5244105,3.4794624,0.6863783,-7.5450625,0.6863783,-7.5450625
0.3311956,-0.2982762,-3.683296,2.6615,-2.3853786,5.245642,-2.3853786,5.245642,-0.41641122,-4.8642282,-0.41641122,-4.8642282,0.59442365,-10.0,0.59442365,-10.0,-2.5686493,3.77337,-2.5686493,3.77337,-2.4936664,4.213041,-2.4936664,4.213041,0.65712714,0.19321719,0.65712714,0.19321719
0.33016244,0.04081993,-3.6633446,2.324887,-2.3531704,2.8016362,-2.3531704,2.8016362,-0.43994865,-1.0757384,-0.43994865,-1.0757384,0.54645187,0.21842013,0.54645187,0.21842013,-2.5445933,2.2318637,-2.5445933,2.2318637,-2.4537227,5.773262,-2.4537227,5.773262,0.6469588,-2.7289848,0.6469588,-2.7289848
0.3315846,0.32097873,-3.6455612,2.1386101,-2.3402011,0.43756795,-2.3402011,0.43756795,-0.43327644,2.7828944,-0.43327644,2.7828944,0.57090986,5.865313,0.57090986,5.865313,-2.5284512,1.6969583,-2.5284512,1.6969583,-2.413466,3.923105,-2.413466,3.923105,0.6180227,-2.4110596,0.6180227,-2.4110596
0.33282876,-0.006362997,-3.613457,5.868913,-2.3266375,2.9511476,-2.3266375,2.9511476,-0.40029117,5.4662924,-0.40029117,5.4662924,0.62707394,8.160688,0.62707394,8.160688,-2.4976335,6.0598526,-2.4976335,6.0598526,-2.3916216,1.6939807,-2.3916216,1.6939807,0.601738,-1.979524,0.601738,-1.979524
0.33228073,-0.13482583,-3.569822,5.0178957,-2.3042965,2.6405463,-2.3042965,2.6405463,-0.35865897,4.9522686,-0.35865897,4.9522686,0.7226637,10.0,0.7226637,10.0,-2.4553785,4.540218,-2.4553785,4.540218,-2.3814816,0.95601606,-2.3814816,0.95601606,0.62995005,9.041732,0.62995005,9.041732
0.33194333,0.06573779,-3.5449407,0.9364672,-2.296333,-0.9140932,-2.296333,-0.9140932,-0.32140523,4.0203266,-0.32140523,4.0203266,0.8628433,10.0,0.8628433,10.0,-2.4322965,1.1409047,-2.4322965,1.1409047,-2.376569,0.35842958,-2.376569,0.35842958,0.6802225,4.0307226,0.6802225,4.0307226
0.3337316,0.3796013,-3.5559516,-3.6021419,-2.3337169,-8.390898,-2.3337169,-8.390898,-0.26509127,10.0,-0.26509127,10.0,0.926873,3.1520257,0.926873,3.1520257,-2.4363382,-2.1187541,-2.4363382,-2.1187541,-2.376876,-0.43687811,-2.376876,-0.43687811,0.69663906,0.19056214,0.69663906,0.19056214
0.33496428,-0.060990565,-3.5996296,-7.385025,-2.3999016,-8.169014,-2.3999016,-8.169014,-0.2155219,2.191052,-0.2155219,2.191052,0.9215022,-4.352209,0.9215022,-4.352209,-2.4620883,-4.3203406,-2.4620883,-4.3203406,-2.388318,-2.417553,-2.388318,-2.417553,0.73538584,9.462147,0.73538584,9.462147
0.33236217,-0.5963099,-3.652945,-5.960105,-2.4514098,-4.7251105,-2.4514098,-4.7251105,-0.21224056,-1.3707623,-0.21224056,-1.3707623,0.89191616,-3.1104653,0.89191616,-3.1104653,-2.4832246,-0.9027007,-2.4832246,-0.9027007,-2.4146569,-4.2304516,-2.4146569,-4.2304516,0.80086815,6.167318,0.80086815,6.167318
0.325904,-1.0247521,-3.680508,-0.9205445,-2.4663694,0.97475225,-2.4663694,0.97475225,-0.23108956,-3.3114612,-0.23108956,-3.3114612,0.8652989,-3.558512,0.8652989,-3.558512,-2.469383,4.32183,-2.469383,4.32183,-2.4466195,-3.7111037,-2.4466195,-3.7111037,0.83308786,2.2964199,0.83308786,2.2964199
0.31690285,-1.2361623,-3.7008648,-3.9631083,-2.4642706,-0.6331934,-2.4642706,-0.6331934,-0.2682755,-4.419599,-0.2682755,-4.419599,0.81308305,-7.478292,0.81308305,-7.478292,-2.441091,2.8248615,-2.441091,2.8248615,-2.4827673,-5.313275,-2.4827673,-5.313275,0.84440583,0.7069885,0.84440583,0.7069885
0.3092889,-0.6668703,-3.731482,-3.692992,-2.494068,-6.774689,-2.494068,-6.774689,-0.25174287,8.335735,-0.25174287,8.335735,0.71623695,-10.0,0.71623695,-10.0,-2.419664,2.522302,-2.419664,2.522302,-2.5167534,-3.1892016,-2.5167534,-3.1892016,0.8413754,-1.468939,0.8413754,-1.468939
0.30169734,-1.2325102,-3.7406914,1.3610953,-2.526141,-1.2402464,-2.526141,-1.2402464,-0.1850287,8.255152,-0.1850287,8.255152,0.5650241,-10.0,0.5650241,-10.0,-2.3790164,7.6290984,-2.3790164,7.6290984,-2.539159,-2.4159656,-2.539159,-2.4159656,0.8322179,-0.87028587,0.8322179,-0.87028587
0.29073054,-1.5052775,-3.7231863,3.0161333,-2.5319889,-0.22491923,-2.5319889,-0.22491923,-0.109577976,10.0,-0.109577976,10.0,0.36910537,-10.0,0.36910537,-10.0,-2.3120427,9.114074,-2.3120427,9.114074,-2.5603623,-2.8837554,-2.5603623,-2.8837554,0.8256876,-0.75539964,0.8256876,-0.75539964
0.2805073,-1.0481923,-3.7221313,-2.762211,-2.5558043,-5.7014885,-2.5558043,-5.7014885,-0.024115816,10.0,-0.024115816,10.0,0.1443645,-10.0,0.1443645,-10.0,-2.2638638,2.9206638,-2.2638638,2.9206638,-2.58244,-2.626541,-2.58244,-2.626541,0.8192089,-0.83216345,0.8192089,-0.83216345
